sampleID,d15N,d13C
HvxvVDlCk1+52DmmtjULpk2KHiWTONl2optV4j8vL6Y=,0,-29.8
HvxvVDlCk18recdnuMUehunN/NlpHPvsn6rKCv4cW6M=,0.4,-25.4
HvxvVDlCk1+PJvxtOAh+kuFriv5tZbhRw+6sK11aWqs=,-0.6,-28.5
HvxvVDlCk1/lWAw6u5RweSwfmAamcWY1oknqmSB0px8=,-1.6,-28.4
HvxvVDlCk1/Ol10IGwAkvm1Z7kRTDOgcl2hZ7UP3OAE=,-2,-26.7
HvxvVDlCk1/dNwsE2B0+NGE0Ihj/3WgNS/W4G1Iat3s=,-1.8,-28.7
HvxvVDlCk1883DeQw28MdnJFN2Yr4f0apRmAwsMvV50=,-1.2,-29.2
HvxvVDlCk18oNCQQptCKY1FS/2EKbyWzdzxSLKrdj+4=,-3.2,-28.1
HvxvVDlCk19Uda+oQsq6DYY/6bZIJmlzjRrqnIHDlKA=,-1.9,-27.9
HvxvVDlCk1+KVx888dV2UvUKxPneZWVxjm4EVnGl/t4=,-2.4,-28.6
HvxvVDlCk19XvWt6ZGxkDzEwNIwcfNq64SBG3RfAhI4=,0.8,-28
HvxvVDlCk1+ZFcUrkrclmF6kKcmWmFa6MtBN6OugIbU=,-0.8,-30.3
HvxvVDlCk1+ZFcUrkrclmF6kKcmWmFa6MtBN6OugIbU=,-0.7,-30
HvxvVDlCk19EVGeg9EptERY8d7QKUf5+lT00LmxDsSQ=,-1.7,-28.2
HvxvVDlCk19EVGeg9EptERY8d7QKUf5+lT00LmxDsSQ=,-1.8,-28.1
HvxvVDlCk19/LDHwwAo3YxZqxe4gnGF33QYbdiOMRZA=,-0.9,-27.5
HvxvVDlCk1+WcrkevV8Iu1UJFz5xk1r3SCyvt34gmBk=,-0.6,-27.9
HvxvVDlCk1+WcrkevV8Iu1UJFz5xk1r3SCyvt34gmBk=,-0.6,-28
HvxvVDlCk1+Qj9bexHPaS+L21NZ5c6MJaxl8Ck9jB24=,-1.9,-28.6
HvxvVDlCk1885jWb3D9uoNtfBoh8w7ds1JF6UqHlHlE=,-2,-29
HvxvVDlCk19Zj9vSHVUUnXMykrJPAQ5g0H5tKbBogRU=,0.4,-28.2
HvxvVDlCk18ush1BqjuQDS9DQaX44XwvURN7NsCxT/M=,-1.3,-30.3
HvxvVDlCk19fheKIYCBrr/6ub+ELkaNvH9kpDJGuvvY=,-1.8,-28.6
HvxvVDlCk19ysRYVkOV3WA0r8hQHAlqRhlQcjpEZCJs=,-1.3,-29.3
HvxvVDlCk19JlN37PLGpuXmwYTp0GGASXFeig3DWZYo=,-0.4,-31.1
HvxvVDlCk19LcyNt9GpiizHsoykg80Zn6ewX9TkT9Io=,-1.9,-32
HvxvVDlCk19LcyNt9Gpii5g5y6jx981iIgr5dxxPImk=,-2.9,-30.3
HvxvVDlCk18b8byyzvtwUShRHIk63Dg7AcG3DtgFtvI=,-0.1,-28.5
HvxvVDlCk19LcyNt9Gpiizjew9YqWN5pjCHvvNaOZ5A=,-2.2,-29.7
HvxvVDlCk1///5x2e0+GBQoeE/Pusmmq+V9J519zxOo=,-2.4,-31.2
HvxvVDlCk19wFqR6DOcuD956vK5ubnMkeM0bIIJ/Cjw=,-2,-30.5
HvxvVDlCk1/VZGv+C5O+MZSgs9IMZRfXg7Sqy1nrRIk=,-1.1,-29.3
HvxvVDlCk182Oj3h01KbY3Y5E/4Cd5IHZrBp7emRViY=,-1.3,-30.2
HvxvVDlCk19KJ+MKRTsgN3yo4WWDRKphddYCRZmtPBE=,-2.6,-28.8
HvxvVDlCk1/W+F1NJtCuxn5a/p4MJtv97pyHjjtirpY=,-3,-30.4
HvxvVDlCk1/x9xdKuYUTJ1itoOWhaA11XV8Ce9pi0ok=,-0.1,-30.8
HvxvVDlCk19vCgQHzUqELa1Qnpo1wg/QWHs8qOOPWoY=,-1.3,-28.6
HvxvVDlCk19Pd6bAjlEziyVIR/vQwK7m6HIQuCRp2Fo=,-0.6,-28.8
HvxvVDlCk19XvWt6ZGxkDzEwNIwcfNq6I2JbqHTaCf8=,-0.5,-29.6
HvxvVDlCk1+aEj7OkevsmY/xu/u/XSP4LYzPYLJBsTk=,0.7,-14.2
HvxvVDlCk18ZsGgk1hoFt8bQ45no0lsnbGqpeDhNgXU=,0.5,-29.5
HvxvVDlCk1+REwHgcgryAVbeATlJvqsGF2GJcslaE7s=,-1.2,-29
HvxvVDlCk18RCYUymFO3oBl5vr796w3lPmNA67uCTbc=,-3.5,-32.4
HvxvVDlCk1/+G3LXOot+Iz/QeZlP+nnsQqszjmR7+HQ=,-1.9,-29.4
FOQ0AtY6KEycCvMIsKDR9qNbT+1GFPfyHZGlcbpW2wU=,-3.3,-32
FOQ0AtY6KEzN/QG7hSTZIMp0rdhB5W1Zm7PE6F5tL0U=,-4.6,-30.5
FOQ0AtY6KExU6N6QJ/ivTxNyb5GdiOgbLXoIi89tfoM=,-2.9,-30.2
FOQ0AtY6KEyRIJoI2jxGWCF8o7YZ6gOCNGkVijysuis=,0,-29.7
FOQ0AtY6KEyRIJoI2jxGWGH0yGJHKgk2h17T9yFmTY8=,-1.5,-30.2
FOQ0AtY6KEx8oT1WwPGcZuEBs/AbXNaJ6d05gokmYYM=,-2.2,-30.4
FOQ0AtY6KEwCr79yliLmJtIKdjb1qKkOBquWMbz6/GU=,-2.4,-30.1
FOQ0AtY6KEyZ2MJ9ABD3LHLkE2teY00o4FGvxLVln+4=,-3.9,-29.9
FOQ0AtY6KEy+pAaUheo1thGWj9/Lea/CFDP3TUGjRbU=,-3.7,-29
FOQ0AtY6KEyBaCrl0dkwi2wpvZe9FC3/nUl7zsdUn0g=,-4.2,-31.4
FOQ0AtY6KEwWJ1KBX8m/zu7dhHFwp7MOz57ZBqSdv3Q=,-1.6,-30.4
FOQ0AtY6KExR1vjIqPqoYwssbhuLXZA+dV+WYKwJKv0=,-2.8,-29.6
FOQ0AtY6KExMdQW88yVj/QAFPSkPXdUJYTmctgaV9fQ=,-3.4,-28.4
FOQ0AtY6KEyr5Og0zMdhf6z+E6veTxAMLtlAlXvESW0=,3,-27.7
FOQ0AtY6KEz/dqob1l7/P8l6vMnxDl6DdWxsNDdHx34=,2.6,-28.6
FOQ0AtY6KExBoHldsCRAWGKTJVDvg2EuZhNfndPSYm8=,-0.3,-27.9
FOQ0AtY6KEy3Hw/71mF0saL50FmFsgOw8RRHdxcnqBw=,-5.2,-25.2
FOQ0AtY6KExSpYCIo6s6FCDb5Sju1L9iEDPl4+zOlGE=,-2.4,-29.4
FOQ0AtY6KEyAtzmsRjSQa3fTmiDDzJ5pVmDY5cDvAew=,-2.6,-31.3
FOQ0AtY6KEyAtzmsRjSQa3fTmiDDzJ5pVmDY5cDvAew=,-3.4,-31.4
FOQ0AtY6KEzYHxPmIY9PEhmOpnJqX64NA/e9exeFGPI=,-3,-29.4
FOQ0AtY6KEwe44fYJiJum6CJtVNO/1VskfFuFAUDtQ8=,-1.4,-29.6
FOQ0AtY6KEzHVKdZ60NX7jCf6mP2x/VqFPPMp4q+Boc=,-5.5,-30
FOQ0AtY6KEx0N8s0T/0Ni4wh8K7Mr2UIsLFAnyk9uXU=,2.8,-28.8
FOQ0AtY6KEytKRaPHrzBBodv0zg4qzbSLgSwnyJkCNI=,-0.1,-31.4
FOQ0AtY6KEzSwWAtYYDrFHscsT9cHEoYojEvjKyJ2Zo=,-1,-28.5
FOQ0AtY6KEy9G+yhrlknifQTCcZmbBEQjq+9ZQYLn4g=,-3.4,-30.5
FOQ0AtY6KEy2FjZItupBDQ2bSx/yGAPBj5BGS+M0euM=,-2.1,-30.2
FOQ0AtY6KEy2FjZItupBDQ2bSx/yGAPBj5BGS+M0euM=,-2.6,-30.2
FOQ0AtY6KEwkG0HbKdkVKot7cojmNUCHDS8ajpqxniI=,-2.9,-29.5
FOQ0AtY6KExn2ow3zzLEz1a2C3qnb18VL26hP9O9DP8=,-0.3,-28.4
FOQ0AtY6KEyu1u1eoZ+mlaLCO9prTDrbhL8FdfDSwuM=,-2.8,-30.2
FOQ0AtY6KEznZsP8xsKWw6bI0deVishnBT7a8pzlStY=,-4.3,-30
FOQ0AtY6KEx8LZMdpFFFSqHtuS8p0BXnt1zjVwof5Zg=,-3.9,-31.5
FOQ0AtY6KEzuRhv79n2Ngh/WdpPgQndDOi6voUDOzbQ=,-5.1,-30.5
FOQ0AtY6KEwHrJltYy50YDAHYT0/4z1nE+1viJMA4fs=,-3.4,-31.7
VIe0/2w3fNc48IHSI8KhsfkrpuHvgjCDd+RNR5CtzZY=,-1.3,-30.4
VIe0/2w3fNdxYrN/WhkT+uRLGtZdIuPlH3Rj4eVGgvc=,-1.7,-30.3
VIe0/2w3fNd+AFr8nHrB6sAugOdzx6mZeUmxfA7e+TI=,-1.9,-27.7
VIe0/2w3fNeW/5B6HKxT9OlxqXavDkE4+6lBdLENy0w=,-2.1,-28.1
VIe0/2w3fNftqIpFKLlZ7OyxLztnbW5sTDhQYQBiRn0=,-0.6,-28
VIe0/2w3fNdfUv4vjjWHezSjApQWs26PZzIgyJrHYCk=,-1.9,-26.8
VIe0/2w3fNeozSAraMsLYnwf4V3XdQvd+XWsEZeBUeY=,-2.6,-28.8
VIe0/2w3fNdJfITAZNCzsooYD0OwZokAoF32VNTKLpM=,-1.5,-29.8
VIe0/2w3fNdImTPDFEeyj4pOPHv3uWaNhPrQV1lWKNs=,-1.3,-28.8
VIe0/2w3fNcUGzVrPfqiD8/f4TEvV8as4BcvO/EM4Rg=,-2,-28.4
VIe0/2w3fNdZpcW9ae5/mUbxNKrAEUrTKazl3Wg7T4A=,-1.4,-28.8
VIe0/2w3fNebL06shWhPji2SF1yB8s00UNM/Y0EFZxk=,-3,-28.5
VIe0/2w3fNeNnoDJ4akJYMWC1aiAJkiauYkqOsksHAE=,-3.3,-28.8
VIe0/2w3fNebmhW80rzpS881KI92y62T7Ti7hhlPfBw=,-2.6,-27.4
VIe0/2w3fNeBQnoBtnyUCQYQJX4XLBl9PCWG2SaZNuk=,-0.6,-29.4
VIe0/2w3fNc9LAG1OMEeN8ZriLYt3e+ZEGq5DoNVT6Y=,-2,-28.6
VIe0/2w3fNfW02cWAdpRsHWQBtILJpeZfEC47VgkERw=,-3.1,-26.4
VIe0/2w3fNf2pzHj10cnqQF8QtjK6edGrDl/vLip/Pg=,-1.9,-28.4
VIe0/2w3fNfW02cWAdpRsEBltogD1RiwG6g8WryoXKs=,-3,-27.5
VIe0/2w3fNebVQKB2BjevtyqXOCdsnKT8hAEs+3C/Ng=,-4.5,-29.1
VIe0/2w3fNd/z2WoUObti5ZVAgsrdVZ/hHeH7OKvAxI=,-5.6,-28.5
VIe0/2w3fNd/z2WoUObti5ZVAgsrdVZ/hHeH7OKvAxI=,-5.6,-28.6
VIe0/2w3fNc33g5rmTd2pHq4VDDW2AUFc5Yg5mi4D1k=,-4,-30.2
VIe0/2w3fNcalzjkVwBhmldGEhUSkkljwAkHGnBLeDU=,-0.8,-28.4
VIe0/2w3fNcalzjkVwBhmsWNSJ0H6/lCOXw14m2mbvw=,-1.3,-28.4
VIe0/2w3fNcalzjkVwBhmg1MmhmwySLj5mT3KSE11uo=,-1,-26.6
VIe0/2w3fNcalzjkVwBhmg1MmhmwySLj5mT3KSE11uo=,-0.9,-26.5
VIe0/2w3fNeiYDd1kvOxg66bfSAZVSGo8BLiyROlYQw=,-1.3,-27.5
VIe0/2w3fNdC6482kBzsU+ZXDvTcBmXpcxcMuwwiLjc=,-5.3,-26.1
VIe0/2w3fNcNrKRjyzmNZh0ikrU4TDTxOZJ/R4N1T8g=,-4.2,-27.8
VIe0/2w3fNfxmlWt9NRGm4zZmHkOrqOnv3sKGslRn+s=,-0.3,-28.1
VIe0/2w3fNfxmlWt9NRGm4zZmHkOrqOnv3sKGslRn+s=,-0.3,-28.1
VIe0/2w3fNd94NzJ1ldmPvO/rfvxTdRR90xtbj4w4Go=,-0.9,-29.9
VIe0/2w3fNdw57HdUJ7YL8y6o5N9MN7OHNdhjlaZOp0=,-1.9,-29.4
VIe0/2w3fNfkpyROGrcCGN/B52ltoaK5OoK0qtPoR2o=,0.4,-28
VIe0/2w3fNdOqIczM0wx5vfpcF4tFLybGsHm0906xWk=,-2.8,-28.2
VIe0/2w3fNfkpyROGrcCGPtCR19whAUEbHnv++zRu/I=,0.3,-27.7
VIe0/2w3fNcn3zJhSf83pVhdTs3/Fuw0wCSb+sp0z98=,-4.5,-28.8
VIe0/2w3fNf39i0uHMFdmaeaCqh5sYXhZumlpdA2UH4=,-0.4,-30.3
VIe0/2w3fNcn3zJhSf83pVVxpG6jk1EcOoeAHmkKomg=,-4.5,-27.6
VIe0/2w3fNdp78ByyJA8EAivT6mVK4BIvRLpY5y8l9c=,-3.9,-25.5
VIe0/2w3fNdGg8ZdiqmQlCp6yf9Pjzzg0f8d4lnTIVI=,0.3,-27.5
VIe0/2w3fNeKiqeEFmkbTmAG23MSwrWMR4cAci0XV9A=,-0.8,-30.6
Cekj+eelgP/sGcPrqr9Pzgu/+/VJ097jr+rZh2V8Hcw=,-3.5,-15.6
Cekj+eelgP9s9pDMbarmFxNu4AVtN2BlNTcUH7ACslY=,-2.1,-28
Cekj+eelgP/O8PU4swAXHMBynq9bqLSM9VkSpEY46BI=,-0.7,-23.2
Cekj+eelgP+FtsCbsa7Fx0yuDENzSZgUu0oOcsF1rUs=,-3,-16.1
Cekj+eelgP8YwVIKeX8KmDyhH3AmhbeIlUmTMgLm/C8=,-2.9,-18.2
Cekj+eelgP8twWen9yIBWBwjrwASs76HLmjW19E2bhI=,-1.9,-21.8
Cekj+eelgP9pjZG8ytWEoHzBBaS0LQQk2YY5mtqP/40=,-3,-17.2
Cekj+eelgP83+pvaUJG6uVN78ri862V09xDnre+Oyw0=,-3.1,-20.4
Cekj+eelgP9Fy+DOcsp9U9WSf3DutN4vIMfm1mkoIOs=,-2.9,-24
Cekj+eelgP8rqN6W/F1q6YCZHdfSRxLt+hQaovm3xi8=,-2.7,-21.7
Cekj+eelgP9P1Up66iRoAATQx/RQZ6bdUCrZN/Ev46I=,-2.3,-20.9
Cekj+eelgP8HxmkpxRAwFsNuGbR/BPcjYvpoCekY9zU=,-3.3,-19.4
Cekj+eelgP8/q2AoGGZ6cjflPDbdob4H68G9jeB0LE4=,-2.5,-29.3
Cekj+eelgP9EQU0Al2SAyHWyKDGB1fuXsJVvjMdieHQ=,-3.2,-19.1
Cekj+eelgP8hUU9GdNe5XfX3pGP3FBauzJmzRANL8iI=,-3.6,-16
Cekj+eelgP+4uDBRX8WPBLmsC2ixStEwh5Tmd0qGz+4=,1.3,-30
Cekj+eelgP+4uDBRX8WPBLmsC2ixStEwh5Tmd0qGz+4=,1.3,-30
Cekj+eelgP8+4YR5y1t7pT4/Zul4g7BryOIPuZIcrPg=,0,-30.5
Cekj+eelgP8q1NEnDzdC19xoggzEesTICna+K/T2/i8=,-1.7,-28.8
Cekj+eelgP8HXcbi/ODa0/qRYJ5dTsQvWcxvufLOWzo=,-4.1,-15.6
Cekj+eelgP8uS0GdYPFp5KBQFxDLErk8/9bEYj2O/4c=,-0.6,-20.8
Cekj+eelgP+cMuvhPkH2BUGvTeSn6Qri+6Vh1rUUygg=,-1.2,-12.8
Cekj+eelgP9bPJfGB8NLPOKnWRmFr78F2pP78Z/tca4=,-1.7,-27.6
Cekj+eelgP9bPJfGB8NLPOKnWRmFr78F2pP78Z/tca4=,-1.4,-27.6
Cekj+eelgP+JU1TuJl/+NyRpZCtuTeXl70lA7g/ELJM=,-3.7,-29.3
Cekj+eelgP+Mphfzc7CuRuUDCGvgrsnOcmEkTVoXz+k=,-1,-29.7
Cekj+eelgP8BVlPglPP663jNMIMVWkwLlhghkBSvLho=,-3.9,-15.3
njZEDkTA4mgiARK+2lMt1XKieVoTXptHM32tPh7lGWw=,-6.4,-27.7
njZEDkTA4mgZIetQ+caMIxKyGdrz/cE/iov51c01Qd4=,-4,-26.3
njZEDkTA4mhXBrbFJl/Bv/8VHIpZkxCb/z3lVdZ/1cQ=,-5.3,-29.6
njZEDkTA4mgWWU03lRxBFgfLUPZ46Kxd2ZaSaiyzcFI=,-7.8,-28.9
njZEDkTA4mgWWU03lRxBFgfLUPZ46Kxd2ZaSaiyzcFI=,-7.8,-28.9
njZEDkTA4mhMd38hmJ6sFsk82htc7y964/KMIjLZiyo=,-1.9,-30.1
njZEDkTA4mhKOtXkRIPFhBzxgTIuGg/UEsL+4Cxpym4=,-4.1,-29.3
njZEDkTA4misW8k1uxtRp3WXJNHhA4qA7q9yG8Vst2k=,-2.7,-28.8
njZEDkTA4misW8k1uxtRpy9/eUO9pznT5fFy9saRSxU=,-3.1,-29.5
njZEDkTA4misW8k1uxtRpy9/eUO9pznT5fFy9saRSxU=,-3,-29.6
njZEDkTA4misW8k1uxtRpzWzzKfDITo68siBvvkbZRg=,-2.2,-29.5
njZEDkTA4mjbtTUzmCeqwiL+6A/GgsOBQF/CTTu2F5Y=,-1,-30.1
njZEDkTA4mjZGSPmEY3U4r56QTRz50sl+NE/grsCEPQ=,-1.7,-27.8
njZEDkTA4mgfENts4k6kSGBRN0EHeml9l4DjKXTfk+o=,-3.3,-30
njZEDkTA4mhH0X6U0MuB7VRO6eeyZWaniKGDpJXh+Ds=,-1.3,-29.8
njZEDkTA4mhsCFFRaj0x+KMq0RVoHlbqS8Q3jqKZbmc=,-1.8,-30.1
njZEDkTA4mjZGSPmEY3U4q2QdZT2qOdcd8fRI44y3zc=,-1.2,-28.1
njZEDkTA4mhR8rGbSsJLb6cukeMvremZBtGbGGiAx4k=,-4.8,-29.5
njZEDkTA4mhR8rGbSsJLbyKHqRDc/lGtzlnIdO9QBQ0=,-4.5,-28.5
njZEDkTA4mi6lNVtRg00eNWwyQgddzDi5F2NTGiJEVc=,-2.9,-31.6
njZEDkTA4mgDz3melY7dfQNMRUGLJr7nQVOoadhQsgI=,-1.7,-29.1
njZEDkTA4mgiCY3WEM5lM9N5JGr0HKviPCjIMG8pBsc=,-2.8,-26.4
njZEDkTA4mh0yr9ydy7qRZC0Ve+IWGQeEwpl4eZtpAg=,-3.1,-31.2
njZEDkTA4mgDIL0BcS2yRYGrNGyARpIhjrXOu1tJWWs=,-0.9,-30.4
njZEDkTA4mijb1oR1IwLWxivLK0WHZulG6IAdSLWObY=,-1.9,-27.3
njZEDkTA4mijQdJIkfYasnD2h9naC7vbsLiMy4Go8XA=,-1,-30.4
njZEDkTA4mgzibdydw4wIWlntUakjAYfiR8XOwNE4WU=,-5.7,-28.5
njZEDkTA4mgzibdydw4wIeucmC/7uRrENi3KhXAJaso=,-4.8,-31.4
njZEDkTA4mhSgYo6Ispo/+wm2QqCMyjIwgQhpNfyK0k=,-1.9,-29.3
njZEDkTA4mjRs6rw/tqfQrsycEHIOS06GZYymlMz4Ng=,-4.9,-30.3
njZEDkTA4mjRs6rw/tqfQjEUL/lUbiPpO270Dwr8qbI=,-5.8,-31.1
njZEDkTA4mgheRG5xpV4KhBLjPaOVb3QRxFs/QPRWXk=,-2.8,-30.4
njZEDkTA4mjM8NaA5tPYPfIlPRzbOoiPURsnDbqK3bo=,-1.6,-27.5
njZEDkTA4mjM8NaA5tPYPTLeca1Mq+PzxxOKRi4CuWA=,-2.4,-29.8
njZEDkTA4mjM8NaA5tPYPaQ7DDpwljfAx1IeI64tYbU=,-1.6,-29.4
njZEDkTA4mi2wT7cGdhmi5Lr4Z1iZftb/3tUYPPiG1s=,-4.7,-30.6
njZEDkTA4mhSkwoOwiHBfi3eADDSK5dn2593+eGblCA=,-3.6,-30.2
njZEDkTA4miyJmItRR7bb7aiJUAknLgxEH5ZLS2fNts=,-4,-27.7
njZEDkTA4miMFdcBeh0bEOgw31WI67a7yHvkNb4kF7g=,-3.8,-31.5
njZEDkTA4miVPiZgajsajJyGU2VGb4wd83wgTn1x/fk=,-5.6,-28.6
njZEDkTA4miMFdcBeh0bEOqlK9WNlal4RGubN/vzi2w=,-4.1,-30.4
njZEDkTA4miMFdcBeh0bEOqlK9WNlal4RGubN/vzi2w=,-4.1,-30.3
njZEDkTA4mhD9kQrWDZIDvJvaLn77OC7SBzRm0z+5K4=,0.2,-28.2
njZEDkTA4mhD9kQrWDZIDrGPgXD9DL+LpOToDDpR1pU=,-2,-29.8
njZEDkTA4mhTZe2wh2y3jx++gacbnFugxvjdpiPqzvI=,-3.1,-29.6
vOIarzMvGliNNzm9ifDC1aa/yi8YJUn22hOgQoMdsIk=,-2,-30.7
vOIarzMvGlihlAl4Y1Jx7nJQxVPnZBYBcSkcfkz/KNo=,-2.5,-28.1
vOIarzMvGlihlAl4Y1Jx7n9fTRgE1yyjjXk5R9g6+b8=,-2.3,-28.3
vOIarzMvGlhNFVsyuB6syMmejHjFUMaH0eH3rw1ev1E=,-2.8,-29.3
vOIarzMvGlhqK3k6dWTmIXyqn4LL85wbS5oDivfcQjc=,-3.5,-29
vOIarzMvGlhqK3k6dWTmIVGbSPKYwsroPinklfZEkVk=,-3.4,-30.2
vOIarzMvGljH1+IHC4k14UAwR/DUDLqWV+H3sBwbMoY=,-2.1,-30
vOIarzMvGljU9FFbmwQqfoUpqRSzIrDXLLNPE7i4ed8=,-3.7,-27.6
vOIarzMvGlh7NBdJ8CKuDESeHUVxBcoKv6xCwFl2r+A=,-4.8,-28.7
vOIarzMvGlidirXgNn33ctWEBpp1rvzJ8l+8JdgMseI=,-4,-28.5
vOIarzMvGlhI3KzzmOhSnwNtDJYgiaIT+4zbT/RyHoE=,-1.5,-29.5
vOIarzMvGlhfDoDennRS0gTndWSSz+YxoY0wM9EKVEo=,-5.1,-29.9
vOIarzMvGlhXIwkEjtsUnItxLgmqN2m+nZxthwufT4A=,-4.7,-28.4
vOIarzMvGlhXIwkEjtsUnOKOBCfkBksWGjr/SHhGtbU=,-4.5,-27.6
vOIarzMvGlhXIwkEjtsUnEFgJb6NzQN/OfeBjFoa0uQ=,-4.3,-27.5
vOIarzMvGliccYFTJ7MmljRqLGra8aMqZLRrQeqS9vg=,-4.1,-29.9
vOIarzMvGliccYFTJ7MmlvA66TAGfRvfGxvTwjcJO8A=,-4.5,-29.6
vOIarzMvGliccYFTJ7MmlpQQcTmml1ahuUESrECJrG4=,-3.4,-31.2
vOIarzMvGliccYFTJ7MmlpQQcTmml1ahuUESrECJrG4=,-3.2,-31.2
vOIarzMvGlhI3KzzmOhSn1P7I0gk79Zdv/KiM2o4WXE=,-1.6,-29.6
vOIarzMvGli8zNAdKFHvRKtJADwWciG9YR45iLylBIE=,-3.6,-29.6
vOIarzMvGli8zNAdKFHvRPr36zWwFMXdxEbRy5r0v+8=,-2.4,-30.9
vOIarzMvGlgbyQZJ28HP5qzgrVcFMU3SV4MetFO1iIk=,-1.5,-31.2
vOIarzMvGliqMbQvpYpQYWdxE+5uHt8YjgaRl+yE8YA=,-2.7,-30.3
vOIarzMvGlgVh3zv/lSuIjrwCQvsfUmDWrp9RyrEnok=,-2,-30.3
vOIarzMvGljGGYBt1c0XnJMuIn+DLfaCf9lHpfUtlkg=,-1.6,-30.9
vOIarzMvGlhGRCWNBhhlUndOR4++kjo/RByppRh4nc8=,-2.1,-29.9
vOIarzMvGlgGYsjowt2fihK2TlKWC6gxYSqtpOQgn5E=,-2.7,-29.5
vOIarzMvGlg04p2XhkcV4ubzj+23LgYTQ51SpDwliJE=,-2.3,-29.3
vOIarzMvGliaklg0KdNYHhYvHmy1htez+MX+VsYoX0w=,-4.1,-29.2
vOIarzMvGlggtSAtpZokAazdbIV1gXuSaipiyRxuVpk=,-4.7,-28.9
vOIarzMvGlgA+4h+hI6kSYY7FX/QKGOy3ZD6elNJ5DA=,-4,-30
vOIarzMvGlgxc1J/YgiHbyg39cAsBSa2S/DZ1N1BBeM=,-4.2,-29.3
vOIarzMvGljqcaHti5RX4MbD/aC8cxeX0y7VDTdttVI=,-3.2,-29.4
vOIarzMvGli/jyfR0JsN+CRGHbHCa4khccNCOHiqvak=,-3.1,-29.3
vOIarzMvGlgUL6X8nUTHVzoVORji2FLFYo34UlxWR9w=,-4.7,-29.8
vOIarzMvGliqgT8LShYclzhzbztLvcGmiYyWpzEv+Vs=,-3.8,-28.3
vOIarzMvGliaklg0KdNYHoMZLjy5/S73MbiMx4xHshA=,-4.2,-28.9
vOIarzMvGlgAlbr1qwG85cbrlx+iaqNMqDE0blr86UU=,-4.2,-29
vOIarzMvGliwbC+EobvpkTosJSgXlPFVYXPJ345mvls=,-2.8,-28.2
vOIarzMvGlgxOaVJyQsDKzwAJs1YhXkUcaTjtKPcrIs=,-3.5,-30.6
vOIarzMvGlgxOaVJyQsDKzwAJs1YhXkUcaTjtKPcrIs=,-3.4,-30.6
8YsBtW+LzBassxoNPqOCfsP6SnXsMbtCJQxYJTchQCM=,-3.2,-28.8
8YsBtW+LzBbAWUjQ/Py/wXylj2i3a6ewjwi9J3xqT8w=,-2.4,-30.1
8YsBtW+LzBYzk8iY5xZI+Azf0kOAAgikXW6N+AMlUNk=,-3.5,-27.5
8YsBtW+LzBaBNRgmmnlcAtcJtSFF5t0JRNiFpuGWGag=,-3,-29.4
8YsBtW+LzBaBNRgmmnlcAtcJtSFF5t0JRNiFpuGWGag=,-3,-29.4
8YsBtW+LzBZIhqe20cuOavAv4ImZl4kQ0FAUnD62NHI=,-2.6,-28
8YsBtW+LzBassxoNPqOCfmqlBFQbOIaEsDYm/J6Hb+A=,-3.8,-30.4
8YsBtW+LzBYUtrl3C55a8MkOztb7It+BuskThdGIzu8=,-5.5,-27.9
8YsBtW+LzBalX5oNx5Y8h6FP+rrxc8yb0wjqxGwntTM=,-3.3,-31.3
8YsBtW+LzBZk7IIQRxP4MKSGoPYPQ+jDJuC6zTEw/Jk=,-5.8,-28.2
8YsBtW+LzBZkoqqz3jse/LJxa0R2vLFj75RqYdHCkpI=,-4,-29.9
8YsBtW+LzBaumRUTuUa2OOQteI6cAchRNPcVzjuJ9iw=,-2.4,-30.1
8YsBtW+LzBZIcn582PMpH6I41CmT/G3X1nUEq2NGE98=,-3.7,-28.1
8YsBtW+LzBa4bqYOE8l8PKOG6JWOVejQ6jtB3auPH2I=,-3,-29.3
8YsBtW+LzBa4bqYOE8l8PKOG6JWOVejQ6jtB3auPH2I=,-3,-29.3
8YsBtW+LzBanOM6nPxgKM/5eFEOWOUdtvdruu1PyCRI=,-4.6,-29
8YsBtW+LzBZoC/dzSdnAZgq/QwKOBjpLQ0QosHXH3RY=,-2.1,-28.7
8YsBtW+LzBboROEjlsJZMKV8FVNrP+Mrvb+V9wz2Giw=,-3.3,-28.4
8YsBtW+LzBZoC/dzSdnAZtuokiVPhwr6JNPqUyDXSd8=,-5.7,-29.2
8YsBtW+LzBZoC/dzSdnAZnyBFjkM9ZUusW9rG70uS4g=,-3.2,-28.8
8YsBtW+LzBYBYnfepUqqs+rdfHyJssOjZLqXLNzw4+I=,-3.9,-29.3
8YsBtW+LzBYBYnfepUqqs06Bxhj4+adaLgqb5N4p0+g=,-6,-29.6
8YsBtW+LzBbZU6Zj0MjQkLSHNRx9gjMYpJP8hwT3vKg=,-3.6,-30.5
8YsBtW+LzBaQ0JG/YjGQXWa0LLhU/PQbmss51czB4eI=,-2,-28.4
8YsBtW+LzBaQ0JG/YjGQXWa0LLhU/PQbmss51czB4eI=,-2,-28.5
8YsBtW+LzBZ3GiG891H0j0ugWM2GcaLhCCdh9h1cPIs=,-3.4,-27.2
8YsBtW+LzBZ3GiG891H0j/SG0HQeZsS/BKLVWWk/5zU=,-0.9,-27.8
8YsBtW+LzBa+g+bV8jyHnnF3zuLbFzIxRiqSW3MNAjA=,-4.4,-29.9
8YsBtW+LzBarmyPXj2p36TEqS4grP2lMzdHKTfltXWk=,-4.2,-32.1
8YsBtW+LzBa4Jrx76Su1MKhWFH7r1cgzNQ4wHLLe5r0=,-4,-31.3
8YsBtW+LzBaw+Vou2Ne0ziiKT3sh5As+UgWJGejY4Mg=,-2.8,-30.7
8YsBtW+LzBaw+Vou2Ne0zhP6Vh3CibOOjaKJ7s6H9Xk=,-2.1,-30.4
8YsBtW+LzBY5k6dHh5HSWsN9G8ZmMR15XvFAgaStn5s=,-4.8,-28.8
8YsBtW+LzBbzNnpsjyZuYPZpNluJsgBLQG32p6Si7UY=,-5.4,-30.7
8YsBtW+LzBaere+XsE42kwpqDVIKcVh4kxUYMNvXUdM=,-5,-29.5
8YsBtW+LzBaere+XsE42kwpqDVIKcVh4kxUYMNvXUdM=,-5.3,-29.6
8YsBtW+LzBaere+XsE42kxN8xKzPF2IYkjVQYk7bJ4g=,-7,-28.4
8YsBtW+LzBb6ybUeRQ+qMZiOLK6D+FBhJh3D1UnpD8c=,-2.8,-28.5
8YsBtW+LzBZV0iGplBv6sJJCqYV5ZcINt934npZ4d3I=,-2.2,-28.8
8YsBtW+LzBZV0iGplBv6sC1NeaAq38tlzZ/HsE7sSEc=,-4.5,-28.2
8YsBtW+LzBaQ7O+R2ZAqFV8+AcgK4/RCsIQM8EXIKK8=,-0.7,-30.6
8YsBtW+LzBbGKNGIqrsupt9og6Jj+7oZYBE2yxTwgA8=,-4.1,-29.6
8YsBtW+LzBbGKNGIqrsupjZObgpMMq2lo7SewIarDBU=,-2.3,-29.2
8YsBtW+LzBZgU626mfJPgQx4+Z746t5oiig8MAL1n8Y=,-3.3,-29.4
8YsBtW+LzBY4UA7K5P8oFrFyEYB5k/RVGZJzeQ656xc=,-3.6,-30.2
8YsBtW+LzBZgU626mfJPgWec1/7WFC24EA+8PEUBrrg=,-2,-30.3
xZ/4LGAq2g5RAbC90CFX05C/iONIwkH2V5OYKgGohSc=,0.6,-26.7
xZ/4LGAq2g5NM+G6kbU3sw96yUdUfvrt82PnLRxK9Pg=,-1.8,-16.4
xZ/4LGAq2g625hRtYPCK3nFi3gGfPNepkwWPNpIfYFs=,-0.4,-25.4
xZ/4LGAq2g7s0BFr7jQjhrHnd3mW1OXxTX6YMO8XwPw=,2.9,-27.8
xZ/4LGAq2g67m1KX+4fS/U/0naalVs0/l+KfaPe5Wjo=,0.8,-26
xZ/4LGAq2g4AJlIzew7Wf/XwxWTru/tQ6ZjM6mutTUM=,-1.9,-26.1
xZ/4LGAq2g4AJlIzew7Wf/XwxWTru/tQ6ZjM6mutTUM=,-2.1,-26.1
xZ/4LGAq2g5Rur2MuF0BDdvtUvI2rTmpGu++T/p6/ws=,0.6,-26.6
xZ/4LGAq2g6CJ8QaAy8llpSgItxwBWxDm1rOJ4cSVMo=,6.2,-27.9
xZ/4LGAq2g6obzXPzJjcva8hhqvo4PiSfXYArcdTIMY=,-2.1,-18.7
xZ/4LGAq2g6Tiw5iTs+UINI2H1BeT5B+LYqXCEoT9N4=,2.8,-27.5
xZ/4LGAq2g63XXbJ/Ii4dHcg0n0X2zu/zdKkjj1cjw0=,-0.5,-26.7
xZ/4LGAq2g7nI++B8hJ/ggdLF5QTx8J+vIUHMLMZkWw=,-1.4,-27.8
xZ/4LGAq2g6TUwymTuahBndw9PBe2/9da5OreM0Y9xQ=,3,-27.9
xZ/4LGAq2g5ElX3sDmMFmefRCJQqchVSZ5Z6afiNww8=,2.8,-29
xZ/4LGAq2g6Qj6dihqFckCd5WSebmQ+FKoAnT/HohM8=,-1.7,-26.9
xZ/4LGAq2g6QiY+I5gtun3dYjebp/p8RDSHmr3NJdIE=,2.8,-28.2
xZ/4LGAq2g7M7/vSyUFd04WP3d3hJV0C8i0fVj82+8A=,0,-27.1
xZ/4LGAq2g5ZG/Idao9B4YBFui1U5X9FD+PEX1XY0Wc=,4.1,-27.5
xZ/4LGAq2g62z+5tzOwCpYBtRXM3dEnBr2V2RNwLeqo=,0.2,-27.1
xZ/4LGAq2g5beUPdIU14aIJFb2LGeja8hJsv3Ic1nN4=,4.2,-27.4
5NSA7+zQmwmq3PzMF3tvNou9DNJOAwNDpHfUJCFUwUU=,5.3,-14.2
5NSA7+zQmwldJrBHkMEqRhpWBxoRRuWugRVW9kCQeEM=,4.7,-13.9
5NSA7+zQmwkfKAitIJGEGKMwoM4EzIUO8ad81jR9BYI=,5.3,-13.8
5NSA7+zQmwnT0mEu3GquvsZ6CougIlREgcIdQX2AuvU=,3.6,-14.7
5NSA7+zQmwmZb0Blc0RH07RIzKwRjIbthXNthRNqSfE=,2.7,-28.6
5NSA7+zQmwngghHiif86VyBFcqFEtYYyv2ciTlnKq8o=,1.9,-28.3
5NSA7+zQmwmmpvTkFPxGzLJMaWO9/+feqD8WSwgFMug=,4.8,-15.7
5NSA7+zQmwkZurTm+o8jt7sjBXYpsMJGd1RGt29RARU=,1.2,-27
5NSA7+zQmwkZurTm+o8jt7sjBXYpsMJGd1RGt29RARU=,2.1,-26.9
5NSA7+zQmwnmHlDFEtR3NtY2hI4WPo9Fo8DcfG0MqSI=,4.2,-20.4
5NSA7+zQmwn9hZ7i/Ee93BhR0VxhewiLKlO+DrK19lo=,1.5,-28
5NSA7+zQmwlQog/R+CrCTVKdgFMt81J9PRm9Uz/Vq7o=,4.1,-27.3
5NSA7+zQmwnsu5pQmxngFT8m+5ezdJHMKzrHqvIwEpI=,3.2,-26.9
S9R44vg6v28kwEsUGHI0enoXYCfg7RIL05vYOVi3TTg=,2,-15.7
S9R44vg6v2+IojQAoA3EV7FaCqM7nwPN744PJHKhhAQ=,2.2,-15.3
S9R44vg6v2+IojQAoA3EV7FaCqM7nwPN744PJHKhhAQ=,2.1,-15.2
S9R44vg6v2+pbBt1VnwnmZovHsx9Mz5wxzF9bGfySJI=,-4.7,-23.6
S9R44vg6v2+pbBt1Vnwnmfa1JJaWIQDYnwmGkrP5jK8=,-5.4,-24.7
S9R44vg6v28Ulz9XyZYlkYUtUIBo+Vkwc3uK7P8rImo=,-4.2,-24.4
S9R44vg6v2+upPaIqgO8BUIbj0jSV//6SNvuQx7vmgo=,-5.1,-24.7
S9R44vg6v2+upPaIqgO8BdVicv4OPtNmVYVFxxujZ4s=,-6.8,-24.8
S9R44vg6v2+rbr4HBpNCWCfM95HLN8uWQ9EecnX5HB8=,-3.3,-25.2
S9R44vg6v2/9NxS7VLe+v93SFNmWzzzlc7OsK94UnIc=,2.6,-25.8
S9R44vg6v2/9NxS7VLe+v65ryXHEK48zCYsY8PvrdS8=,1,-26.1
S9R44vg6v2/9NxS7VLe+v7/5M5ATASQl0NtemjEGIsI=,-0.1,-25.8
S9R44vg6v28f+Zts8A8BN+Exr3BnFsIB79W8iF9t0IU=,2,-15.4
S9R44vg6v29a3iYIcLakVBjap3adP+f7IHuLsgccAVE=,0.2,-15.5
S9R44vg6v29Az0sdlbKhGb3OfO6BV3ZT2YDmW4B2NYQ=,1.8,-16.3
S9R44vg6v2/MrQsjQZV30DSyddux20m2h/Rcmy8/F5E=,2.9,-15.8
S9R44vg6v29ha3pkiv5lPCuTCeomUQhsI60KGC1Fc44=,3.4,-15
S9R44vg6v2/Sa7hSEKNKHKnsYa4CbdeP+5AeCh0emEk=,2.5,-15.5
S9R44vg6v2+SKjSdx5MDkqDKvmVLtGDsEvBR62FNuys=,1,-17.6
S9R44vg6v2+1jRmWdbEcAJawb+LPEfYNK3yvx7MecLo=,4.2,-14.9
S9R44vg6v2/PqhJcPWl0CUyZ239Bg+HAwSXvlakgaB0=,3.8,-15.5
NrWJnEy30pa9hgXY8If8AY5TrRXqpMAeSXJ+RPJ/lsc=,0.6,-16.7
NrWJnEy30pb5EcVYTMMiU26ZS7F2zKDT+Js/ODOwVhc=,-0.7,-14.7
NrWJnEy30pbj4NIPURE2sikM/qF3XH+X0yenfyA3+Q0=,0.3,-14.8
NrWJnEy30pZqn1VwLwoBVg7l6ivlc3J10ibwDk2Vuhg=,-0.3,-14.9
NrWJnEy30pYr4GLSTAZ247KTc3nq42ldlm5FvAbTsjs=,1.2,-26.2
NrWJnEy30pYr4GLSTAZ24yN8oL+QHJhidXI7U0chpHA=,1,-25.4
NrWJnEy30pboUEQP7+NMQxhQa0OlKLMS7BP5yaAGj9M=,2.5,-23.3
NrWJnEy30pbwSpw8EOxr+DGFjDTsZzuufnO0R26lf4w=,2,-24.9
NrWJnEy30pZRljXI+FTyc/uwdhyAYSe+mwqvQkYrQcM=,1.3,-25.2
NrWJnEy30pZRljXI+FTyc/uwdhyAYSe+mwqvQkYrQcM=,1.3,-25.2
NrWJnEy30pZRljXI+FTycyL3xQ835lNrkh9pP/sFrI4=,3.1,-25.9
NrWJnEy30pZRljXI+FTyc2s84MxjG5P116haV5NqLeg=,2.3,-25.8
NrWJnEy30pYsOLt0P8zpUddx+xxMxYlrb6gGDqgQNLM=,4.2,-25.1
NrWJnEy30pYsOLt0P8zpUfj1NcQEr+t2fQ9QGvrUo0Q=,0.6,-25.4
NrWJnEy30pb4EVg1h7vKBhyQSCDu3e7HofIQnNAlWUc=,0.1,-15
NrWJnEy30pZCBryAjUp90THkSfUmXWd7+rItOE84apU=,3.4,-27.1
NrWJnEy30pZCBryAjUp90THkSfUmXWd7+rItOE84apU=,2.4,-27.6
NrWJnEy30pbcpw8EaMiyiElFaR0DVwe/2BArmVu6rLI=,2.2,-23.9
NrWJnEy30pY7mqLzV/GlD8Tx9GHFO+ktf2IWF2b3D5Q=,0.4,-14.7
NrWJnEy30pYsOLt0P8zpUQFLD1rsG2GuICMSV89HMug=,2.4,-25.1
NrWJnEy30pbuP69ov+0JeOE3aEUwiTEOIMhdl1YK14E=,4.4,-27.3
NrWJnEy30pYYaqb65P/txHFwP9Z0aO6ygWU5e8VKz3c=,0.8,-25.7
NrWJnEy30pYYaqb65P/txO5jwjDE4jV+zyxfJFzQ71k=,1.1,-26.9
NrWJnEy30pYYaqb65P/txAQ6d6fMomPN9ZHLrVSVYc8=,2.8,-25.2
NrWJnEy30pZqE7p+mqFMpDuA/8aaBwdz4Qb6w2nBjUg=,3.9,-26.6
NrWJnEy30paXWVwPGNeLA3bcN6npfYMj4KkpihH3CnM=,1.3,-26.3
NrWJnEy30pb2I0eANqHBFmEb+RrjGRFnHaOE7HB7Rqs=,1.2,-14.5
NrWJnEy30pawL8XCla3vZP1vxd27/TQfc8ZDCj6nzvA=,0.7,-26.7
NrWJnEy30pZHsQu/3QeAH0+gm9/8oaQNVL5O+Y0Q6+M=,4.7,-15.6
NrWJnEy30pZHsQu/3QeAHxDYA7SRCH6Ln6MSWKjCFxw=,5.2,-16.1
NrWJnEy30pawL8XCla3vZMLNSpzUcAKcw400bBSrnEg=,0.3,-26.2
NrWJnEy30pZNnXCLG7MthVcehPDiPppO8clc8NszAqM=,3,-27.6
NrWJnEy30pYw1B9yB2HtnABHPCi1L1KjU8aHBjTba2A=,1.9,-26.1
NrWJnEy30pbhSG614nyBEPqn14D29g5Tt1QsEUmkTvk=,2.4,-23.7
NrWJnEy30pZxH/6PUXNbX6KZcLtNk789gRtMym4BTnc=,2.6,-26.9
NrWJnEy30pZxH/6PUXNbX3tvQEwJgXH1hDwjDC7kBDQ=,2.9,-26
NrWJnEy30palUinYjroI3zRhb1IGYlUS0nD+e5sRSWw=,5,-15.3
NrWJnEy30palUinYjroI3zRhb1IGYlUS0nD+e5sRSWw=,5,-15.3
NrWJnEy30pbt+dOpNyz1JdofK3GzcQ0vYd+AoK23POI=,1.4,-26.5
NrWJnEy30pYb69Uqz+Q+XPFkcp/Wrq/8l+vzN0Urtms=,3,-26.2
NrWJnEy30pYb69Uqz+Q+XH8Dse0kO1RgvtuHAnji6Ek=,3.3,-26.5
NrWJnEy30pZbEqIOrdFqU6qtuZr16K9TZQTGgRAVXUc=,1.1,-23.6
NrWJnEy30paYuDYbi6UpBGUaYIldyt1RIar0jBMz2xo=,0.7,-22
NrWJnEy30pa4aFcQG+KLHj5hId0A/fkLH5BBTjq/kEw=,3.4,-13.8
NrWJnEy30palUinYjroI36BhichcXPGokQZCBturk38=,6.8,-15.2
qEiBKdJclf+nR681TpDMXxYIHMlcgulAGWaLowu2mRA=,2.1,-27.1
qEiBKdJclf8Nc8Zps4EcxwGAIQUw1GmRCoVWhrEhE6U=,-5.9,-28.7
qEiBKdJclf/qUXnIi09tl92vPpcsZh9Zw1nJ8WnLMaU=,-2.9,-27.9
qEiBKdJclf8jL/g0bc0AZWTjS4pNiJ7F5iPB0pMaI1E=,-0.1,-26.3
qEiBKdJclf+pOMJALhbbHVboqZWo6JKi03e8lkgE58k=,-0.3,-27.8
qEiBKdJclf/gO40VAdsYAXbDbZqloTQ6qvmYhE4HbOc=,-5.1,-28.9
qEiBKdJclf+XliQfAK4VfFY24gCcvf23CWk08FvWlLY=,-1.5,-27.1
qEiBKdJclf8wwTlGiZ1D7IDXKlLzhOfhoMfZE5p8i18=,-3.2,-28.1
qEiBKdJclf8wwTlGiZ1D7IDXKlLzhOfhoMfZE5p8i18=,-2.7,-27.9
qEiBKdJclf+Kof9F/RlrR8cOYz3WvmOvyU3yQRxflZI=,-1.3,-27.5
qEiBKdJclf9sGhplCozPmoSOBsIfeCIEsIQK8+fOOzc=,-1.1,-28.2
qEiBKdJclf+zuciOTs6awmkdVVR5ghGtcoLgAIQ0wiU=,-3.4,-28.6
qEiBKdJclf8TB3rUZU0kB/McL/P7lY8mz73nT/yZT5U=,-2.7,-27.9
qEiBKdJclf+43qa99xh4YWl+sReIsXt+0X8mbLUAae4=,-5.1,-28.6
qEiBKdJclf/5AmRA23JH+dq2YUuS7Pyu6+LNASbCJtI=,-3.1,-27.1
qEiBKdJclf/Qzzrb+epfBaa/wpAkxvwVFhutT6BHZMI=,-2.4,-28.7
qEiBKdJclf/YTFGQgd1EGchBNa+roNvTCU8NOc0dZFg=,0.9,-27.2
qEiBKdJclf/N8NkyLma/b3gLGFFQ/mhfiPuVkXplvnc=,0.2,-27.7
qEiBKdJclf9O9QxrtCWSWnAZh/Rfp0UVhROueeb8F8g=,1.4,-26.9
